ID,Error grading project,"A say block is added after Neha says ""Happy Holi!"""
grayscratchencore10,0,0
grayscratchencore11,0,0
grayscratchencore12,0,0
grayscratchencore13,0,0
grayscratchencore14,0,0
grayscratchencore16,0,0
grayscratchencore17,0,0
grayscratchencore18,0,0
grayscratchencore19,0,0
grayscratchencore2,0,0
grayscratchencore20,0,0
grayscratchencore21,0,0
grayscratchencore22,0,0
grayscratchencore25,0,0
grayscratchencore26,0,0
grayscratchencore27,0,0
grayscratchencore28,0,0
grayscratchencore3,0,0
grayscratchencore4,0,0
grayscratchencore5,0,0
grayscratchencore6,0,0
grayscratchencore7,0,0
grayscratchencore9,0,0
